channel,optimal_spend_reach
LinearTV,61666.82071205542
Streaming,36085.10932755829
YouTube,19896.731991013774
Display,9955.898331317918
Social,8119.231608309628
