channel,optimal_spend_conversions
LinearTV,66111.35030564487
Streaming,40111.50852981162
YouTube,21901.70739128767
Display,14007.583709189379
Social,13733.71676801129
